{
  "constantes": {
    "ponto_mlp": 200.0,
    "pulso_equipamento_mlp": 1.0,
    "constante_correcao_temp": 0.02435781827729949,
    "constante_correcao_inclinacao": -4.2651955784152175e-07,
    "modo_calibracao": "Automática com início dinâmico",
    "correcao_tempo_bu23": 3.749e-05,
    "correcao_tempo_bw23": 0.01767799,
    "correcao_temp_bu26": -0.0024537924912,
    "correcao_temp_bw26": 0.0156607234082
  },
  "pontos": {
    "ponto_1": {
      "numero": 1,
      "leituras": [
        {
          "linha": 54,
          "pulsos_padrao": 7947.0,
          "tempo_coleta_bruto": 169.0,
          "tempo_coleta_corrigido": 168.9759862,
          "temperatura_bruta": 25.5,
          "temperatura_corrigida": 25.5469109851174,
          "totalizacao_padrao_corrigido": 1589.2424097864864,
          "vazao_referencia": 33858.49554066015,
          "leitura_medidor": 1590.79,
          "vazao_medidor": 33891.46664438878,
          "erro_percentual": 0.09737911623699884,
          "constantes_usadas": {
            "pulso_padrao_lp": 0.2,
            "pulso_equipamento_lp": 0.001
          }
        },
        {
          "linha": 55,
          "pulsos_padrao": 10816.0,
          "tempo_coleta_bruto": 229.0,
          "tempo_coleta_corrigido": 228.9737368,
          "temperatura_bruta": 25.5,
          "temperatura_corrigida": 25.5469109851174,
          "totalizacao_padrao_corrigido": 2162.9868889210848,
          "vazao_referencia": 34007.187500797714,
          "leitura_medidor": 2161.56,
          "vazao_medidor": 33984.75348636578,
          "erro_percentual": -0.06596844985022304,
          "constantes_usadas": {
            "pulso_padrao_lp": 0.2,
            "pulso_equipamento_lp": 0.001
          }
        },
        {
          "linha": 56,
          "pulsos_padrao": 13686.0,
          "tempo_coleta_bruto": 289.0,
          "tempo_coleta_corrigido": 288.9714874,
          "temperatura_bruta": 25.5,
          "temperatura_corrigida": 25.5469109851174,
          "totalizacao_padrao_corrigido": 2736.9313845290053,
          "vazao_referencia": 34096.62687815898,
          "leitura_medidor": 2728.973,
          "vazao_medidor": 33997.48151069661,
          "erro_percentual": -0.29077764148533225,
          "constantes_usadas": {
            "pulso_padrao_lp": 0.2,
            "pulso_equipamento_lp": 0.001
          }
        }
      ],
      "agregados": {
        "vazao_media": 33987.43663987228,
        "tendencia": -0.08645565836618548,
        "desvio_padrao": 0.194887689262203
      }
    },
    "ponto_2": {
      "numero": 2,
      "leituras": [
        {
          "linha": 63,
          "pulsos_padrao": 12736.0,
          "tempo_coleta_bruto": 161.0,
          "tempo_coleta_corrigido": 160.97628612,
          "temperatura_bruta": 25.5,
          "temperatura_corrigida": 25.5469109851174,
          "totalizacao_padrao_corrigido": 2547.198436500794,
          "vazao_referencia": 56964.3802352797,
          "leitura_medidor": 2553.192,
          "vazao_medidor": 57098.41754671983,
          "erro_percentual": 0.23530021899039635,
          "constantes_usadas": {
            "pulso_padrao_lp": 0.2,
            "pulso_equipamento_lp": 0.001
          }
        },
        {
          "linha": 64,
          "pulsos_padrao": 17516.0,
          "tempo_coleta_bruto": 221.0,
          "tempo_coleta_corrigido": 220.97403672,
          "temperatura_bruta": 25.5,
          "temperatura_corrigida": 25.5469109851174,
          "totalizacao_padrao_corrigido": 3503.199463282163,
          "vazao_referencia": 57072.397531462295,
          "leitura_medidor": 3512.36,
          "vazao_medidor": 57221.6364767869,
          "erro_percentual": 0.2614905835037534,
          "constantes_usadas": {
            "pulso_padrao_lp": 0.2,
            "pulso_equipamento_lp": 0.001
          }
        },
        {
          "linha": 65,
          "pulsos_padrao": 22300.0,
          "tempo_coleta_bruto": 281.0,
          "tempo_coleta_corrigido": 280.97178732,
          "temperatura_bruta": 25.5,
          "temperatura_corrigida": 25.5469109851174,
          "totalizacao_padrao_corrigido": 4460.000688636655,
          "vazao_referencia": 57144.53622635679,
          "leitura_medidor": 4470.947,
          "vazao_medidor": 57284.78774870328,
          "erro_percentual": 0.2454329523140046,
          "constantes_usadas": {
            "pulso_padrao_lp": 0.2,
            "pulso_equipamento_lp": 0.001
          }
        }
      ],
      "agregados": {
        "vazao_media": 57060.43799769959,
        "tendencia": 0.2474079182693848,
        "desvio_padrao": 0.013206406257192
      }
    },
    "ponto_3": {
      "numero": 3,
      "leituras": [
        {
          "linha": 72,
          "pulsos_padrao": 22166.0,
          "tempo_coleta_bruto": 141.0,
          "tempo_coleta_corrigido": 140.97703592,
          "temperatura_bruta": 25.5,
          "temperatura_corrigida": 25.5469109851174,
          "totalizacao_padrao_corrigido": 4434.260730774416,
          "vazao_referencia": 113233.60947840175,
          "leitura_medidor": 4427.49,
          "vazao_medidor": 113060.71159734737,
          "erro_percentual": -0.1526913094538133,
          "constantes_usadas": {
            "pulso_padrao_lp": 0.2,
            "pulso_equipamento_lp": 0.001
          }
        },
        {
          "linha": 73,
          "pulsos_padrao": 31668.0,
          "tempo_coleta_bruto": 201.0,
          "tempo_coleta_corrigido": 200.97478652,
          "temperatura_bruta": 25.5,
          "temperatura_corrigida": 25.5469109851174,
          "totalizacao_padrao_corrigido": 6335.122066164319,
          "vazao_referencia": 113479.1076686725,
          "leitura_medidor": 6332.367,
          "vazao_medidor": 113429.7570095013,
          "erro_percentual": -0.0434887621034843,
          "constantes_usadas": {
            "pulso_padrao_lp": 0.2,
            "pulso_equipamento_lp": 0.001
          }
        },
        {
          "linha": 74,
          "pulsos_padrao": 41186.0,
          "tempo_coleta_bruto": 261.0,
          "tempo_coleta_corrigido": 260.97253712,
          "temperatura_bruta": 25.5,
          "temperatura_corrigida": 25.5469109851174,
          "totalizacao_padrao_corrigido": 8239.185738729648,
          "vazao_referencia": 113655.90029799966,
          "leitura_medidor": 8255.737,
          "vazao_medidor": 113884.21758084795,
          "erro_percentual": 0.2008846722868441,
          "constantes_usadas": {
            "pulso_padrao_lp": 0.2,
            "pulso_equipamento_lp": 0.001
          }
        }
      ],
      "agregados": {
        "vazao_media": 113456.20581502463,
        "tendencia": 0.0015682002431821676,
        "desvio_padrao": 0.18104306423583
      }
    },
    "ponto_4": {
      "numero": 4,
      "leituras": [
        {
          "linha": 81,
          "pulsos_padrao": 37237.0,
          "tempo_coleta_bruto": 160.0,
          "tempo_coleta_corrigido": 159.97632361,
          "temperatura_bruta": 25.5,
          "temperatura_corrigida": 25.5469109851174,
          "totalizacao_padrao_corrigido": 7450.909449382397,
          "vazao_referencia": 167670.2740285996,
          "leitura_medidor": 7437.881,
          "vazao_medidor": 167377.09053295327,
          "erro_percentual": -0.17485716973083193,
          "constantes_usadas": {
            "pulso_padrao_lp": 0.2,
            "pulso_equipamento_lp": 0.001
          }
        },
        {
          "linha": 82,
          "pulsos_padrao": 51368.0,
          "tempo_coleta_bruto": 220.0,
          "tempo_coleta_corrigido": 219.97407421,
          "temperatura_bruta": 25.5,
          "temperatura_corrigida": 25.5469109851174,
          "totalizacao_padrao_corrigido": 10278.464992279398,
          "vazao_referencia": 168212.88647352654,
          "leitura_medidor": 10287.399,
          "vazao_medidor": 168359.09655719058,
          "erro_percentual": 0.08691966871816686,